<?xml version="1.0" ?>
<LOG_ROOT>
	<PROJECT NAME="Processador">
		<CBX_INST_ENTRY INSTANCE_NAME="|Processador|ALUControl:inst25|FUNC_OR:inst23|lpm_constant:LPM_CONSTANT_component" CBX_FILE_NAME="lpm_constant_vf6.tdf"/>
		<CBX_INST_ENTRY INSTANCE_NAME="|Processador|MainULA:inst27|Shifter:inst|lpm_clshift:LPM_CLSHIFT_component" CBX_FILE_NAME="lpm_clshift_euc.tdf"/>
		<CBX_INST_ENTRY INSTANCE_NAME="|Processador|MemoriaInstrucoesFinal:inst3|MemoriaInstrucoes:inst|ShiftRegister32:inst8|ShiftRegister_32:inst867786|lpm_shiftreg:LPM_SHIFTREG_component|altshift_taps:dffs_rtl_0" CBX_FILE_NAME="shift_taps_q1m.tdf"/>
		<CBX_INST_ENTRY INSTANCE_NAME="|Processador|HazardDetectionUnit:inst68|IsBitValid:inst|lpm_compare:LPM_COMPARE_component" CBX_FILE_NAME="cmpr_d7j.tdf"/>
		<CBX_INST_ENTRY INSTANCE_NAME="|Processador|MainULA:inst27|MULT32:inst14|lpm_mult:lpm_mult_component" CBX_FILE_NAME="mult_44n.tdf"/>
		<CBX_INST_ENTRY INSTANCE_NAME="|Processador|MainULA:inst27|MUX41BUS:inst12|lpm_mux:LPM_MUX_component" CBX_FILE_NAME="mux_coc.tdf"/>
		<CBX_INST_ENTRY INSTANCE_NAME="|Processador|NovoBancoDeRegistradores:inst16|NewDecoder32:inst|lpm_decode:LPM_DECODE_component" CBX_FILE_NAME="decode_b8f.tdf"/>
		<CBX_INST_ENTRY INSTANCE_NAME="|Processador|ForwardingUnit:inst2|ForwardBUnit:inst26|IsBitValid:inst|lpm_compare:LPM_COMPARE_component" CBX_FILE_NAME="cmpr_d7j.tdf"/>
		<CBX_INST_ENTRY INSTANCE_NAME="|Processador|MUX41BUS:inst26|lpm_mux:LPM_MUX_component" CBX_FILE_NAME="mux_coc.tdf"/>
		<CBX_INST_ENTRY INSTANCE_NAME="|Processador|MemoriaDadosFinal:inst12|MemoriaDados:inst|MemoriaL0Dados:inst36|altsyncram:altsyncram_component" CBX_FILE_NAME="altsyncram_p572.tdf"/>
		<CBX_INST_ENTRY INSTANCE_NAME="|Processador|NovoBancoDeRegistradores:inst16|MUX32entries_32bits:inst65|lpm_mux:LPM_MUX_component" CBX_FILE_NAME="mux_0qc.tdf"/>
		<CBX_INST_ENTRY INSTANCE_NAME="|Processador|ZeroExtensor_Shamt:inst7|ZeroConstant_27:inst|lpm_constant:LPM_CONSTANT_component" CBX_FILE_NAME="lpm_constant_ro6.tdf"/>
		<CBX_INST_ENTRY INSTANCE_NAME="|Processador|ForwardingUnit:inst2|ForwardAUnit:inst|CompareRegisters:inst24|lpm_compare:LPM_COMPARE_component" CBX_FILE_NAME="cmpr_ahg.tdf"/>
		<CBX_INST_ENTRY INSTANCE_NAME="|Processador|NovoBancoDeRegistradores:inst16|MUX32entries_32bits:inst66|lpm_mux:LPM_MUX_component" CBX_FILE_NAME="mux_0qc.tdf"/>
		<CBX_INST_ENTRY INSTANCE_NAME="|Processador|ShiftRight2:inst590|lpm_clshift:LPM_CLSHIFT_component" CBX_FILE_NAME="lpm_clshift_vjc.tdf"/>
		<CBX_INST_ENTRY INSTANCE_NAME="|Processador|ForwardingUnit:inst2|ForwardAUnit:inst|RegisterNotZeroComparator:inst17|lpm_compare:LPM_COMPARE_component" CBX_FILE_NAME="cmpr_3qi.tdf"/>
		<CBX_INST_ENTRY INSTANCE_NAME="|Processador|ForwardingUnit:inst2|ForwardBUnit:inst26|IsBitValid:inst20|lpm_compare:LPM_COMPARE_component" CBX_FILE_NAME="cmpr_d7j.tdf"/>
		<CBX_INST_ENTRY INSTANCE_NAME="|Processador|MemoriaDadosFinal:inst12|MemoriaDados:inst|CounterMem:inst27|lpm_counter:LPM_COUNTER_component" CBX_FILE_NAME="cntr_ijj.tdf"/>
		<CBX_INST_ENTRY INSTANCE_NAME="|Processador|MemoriaDadosFinal:inst12|MemoriaDados:inst|ShiftRegister32:inst13|ShiftRegister_32:inst867786|lpm_shiftreg:LPM_SHIFTREG_component|altshift_taps:dffs_rtl_0" CBX_FILE_NAME="shift_taps_q1m.tdf"/>
		<CBX_INST_ENTRY INSTANCE_NAME="|Processador|MemoriaDadosFinal:inst12|MemoriaDados:inst|MemoriaL1Dados:inst38|altsyncram:altsyncram_component" CBX_FILE_NAME="altsyncram_m5e1.tdf"/>
		<CBX_INST_ENTRY INSTANCE_NAME="|Processador|MemoriaDadosFinal:inst12|MemoriaDados:inst|NewMemoryControl:inst33|IsValue0_3bits:inst|lpm_compare:LPM_COMPARE_component" CBX_FILE_NAME="cmpr_imi.tdf"/>
		<CBX_INST_ENTRY INSTANCE_NAME="|Processador|MemoriaInstrucoesFinal:inst3|MemoriaInstrucoes:inst|MemoriaL1Inst:inst|altsyncram:altsyncram_component" CBX_FILE_NAME="altsyncram_f1g1.tdf"/>
		<CBX_INST_ENTRY INSTANCE_NAME="|Processador|ALUControl:inst25|MUX6_2:inst15|lpm_mux:LPM_MUX_component" CBX_FILE_NAME="mux_qmc.tdf"/>
		<CBX_INST_ENTRY INSTANCE_NAME="|Processador|ForwardingUnit:inst2|ForwardAUnit:inst|CompareRegisters:inst18|lpm_compare:LPM_COMPARE_component" CBX_FILE_NAME="cmpr_ahg.tdf"/>
		<CBX_INST_ENTRY INSTANCE_NAME="|Processador|HazardDetectionUnit:inst68|CompareRegisters:inst1|lpm_compare:LPM_COMPARE_component" CBX_FILE_NAME="cmpr_ahg.tdf"/>
		<CBX_INST_ENTRY INSTANCE_NAME="|Processador|MUX2_32:MUX_Fetch|lpm_mux:LPM_MUX_component" CBX_FILE_NAME="mux_9oc.tdf"/>
		<CBX_INST_ENTRY INSTANCE_NAME="|Processador|ForwardingUnit:inst2|ForwardAUnit:inst|RegisterNotZeroComparator:inst21|lpm_compare:LPM_COMPARE_component" CBX_FILE_NAME="cmpr_3qi.tdf"/>
		<CBX_INST_ENTRY INSTANCE_NAME="|Processador|ForwardingUnit:inst2|ForwardBUnit:inst26|CompareRegisters:inst18|lpm_compare:LPM_COMPARE_component" CBX_FILE_NAME="cmpr_ahg.tdf"/>
		<CBX_INST_ENTRY INSTANCE_NAME="|Processador|HazardDetectionUnit:inst68|CompareRegisters:inst2|lpm_compare:LPM_COMPARE_component" CBX_FILE_NAME="cmpr_ahg.tdf"/>
		<CBX_INST_ENTRY INSTANCE_NAME="|Processador|MUX2_32:inst734|lpm_mux:LPM_MUX_component" CBX_FILE_NAME="mux_9oc.tdf"/>
		<CBX_INST_ENTRY INSTANCE_NAME="|Processador|MemoriaDadosFinal:inst12|MemoriaDados:inst|NewMemoryControl:inst33|IsValue1_3bits:inst1|lpm_compare:LPM_COMPARE_component" CBX_FILE_NAME="cmpr_e7j.tdf"/>
		<CBX_INST_ENTRY INSTANCE_NAME="|Processador|MemoriaInstrucoesFinal:inst3|MemoriaInstrucoes:inst|MemoriaL0:inst1|altsyncram:altsyncram_component" CBX_FILE_NAME="altsyncram_h192.tdf"/>
		<CBX_INST_ENTRY INSTANCE_NAME="|Processador|MemoriaInstrucoesFinal:inst3|MemoriaInstrucoes:inst|NewMemoryControl:inst2|IsValue3_3bits:inst3|lpm_compare:LPM_COMPARE_component" CBX_FILE_NAME="cmpr_e7j.tdf"/>
		<CBX_INST_ENTRY INSTANCE_NAME="|Processador|Constant2_4bits:inst787|lpm_constant:LPM_CONSTANT_component" CBX_FILE_NAME="lpm_constant_pf6.tdf"/>
		<CBX_INST_ENTRY INSTANCE_NAME="|Processador|ForwardingUnit:inst2|ForwardBUnit:inst26|RegisterNotZeroComparator:inst21|lpm_compare:LPM_COMPARE_component" CBX_FILE_NAME="cmpr_3qi.tdf"/>
		<CBX_INST_ENTRY INSTANCE_NAME="|Processador|MUX32bits_3:inst4|lpm_mux:LPM_MUX_component" CBX_FILE_NAME="mux_boc.tdf"/>
		<CBX_INST_ENTRY INSTANCE_NAME="|Processador|Constant2_4bits:inst788|lpm_constant:LPM_CONSTANT_component" CBX_FILE_NAME="lpm_constant_pf6.tdf"/>
		<CBX_INST_ENTRY INSTANCE_NAME="|Processador|ForwardingUnit:inst2|ForwardAUnit:inst|IsBitValid:inst|lpm_compare:LPM_COMPARE_component" CBX_FILE_NAME="cmpr_d7j.tdf"/>
		<CBX_INST_ENTRY INSTANCE_NAME="|Processador|LoadUpperImmediate:inst9|ZeroConstant_16:inst|lpm_constant:LPM_CONSTANT_component" CBX_FILE_NAME="lpm_constant_9k6.tdf"/>
		<CBX_INST_ENTRY INSTANCE_NAME="|Processador|MUX2_32:inst44|lpm_mux:LPM_MUX_component" CBX_FILE_NAME="mux_9oc.tdf"/>
		<CBX_INST_ENTRY INSTANCE_NAME="|Processador|MUX2_5bits:inst24|lpm_mux:LPM_MUX_component" CBX_FILE_NAME="mux_pmc.tdf"/>
		<CBX_INST_ENTRY INSTANCE_NAME="|Processador|MemoriaDadosFinal:inst12|MemoriaDados:inst|NewMemoryControl:inst33|IsValue2_3bits:inst2|lpm_compare:LPM_COMPARE_component" CBX_FILE_NAME="cmpr_e7j.tdf"/>
		<CBX_INST_ENTRY INSTANCE_NAME="|Processador|MemoriaInstrucoesFinal:inst3|MemoriaInstrucoes:inst|CounterMem:inst6|lpm_counter:LPM_COUNTER_component" CBX_FILE_NAME="cntr_ijj.tdf"/>
		<CBX_INST_ENTRY INSTANCE_NAME="|Processador|MemoriaInstrucoesFinal:inst3|MemoriaInstrucoes:inst|NewMemoryControl:inst2|IsValue0_3bits:inst|lpm_compare:LPM_COMPARE_component" CBX_FILE_NAME="cmpr_imi.tdf"/>
		<CBX_INST_ENTRY INSTANCE_NAME="|Processador|MUX41BUS:inst|lpm_mux:LPM_MUX_component" CBX_FILE_NAME="mux_coc.tdf"/>
		<CBX_INST_ENTRY INSTANCE_NAME="|Processador|ForwardingUnit:inst2|ForwardAUnit:inst|IsBitValid:inst20|lpm_compare:LPM_COMPARE_component" CBX_FILE_NAME="cmpr_d7j.tdf"/>
		<CBX_INST_ENTRY INSTANCE_NAME="|Processador|MUX2_32:inst46|lpm_mux:LPM_MUX_component" CBX_FILE_NAME="mux_9oc.tdf"/>
		<CBX_INST_ENTRY INSTANCE_NAME="|Processador|MemoriaDadosFinal:inst12|MemoriaDados:inst|NewMemoryControl:inst33|IsValue3_3bits:inst3|lpm_compare:LPM_COMPARE_component" CBX_FILE_NAME="cmpr_e7j.tdf"/>
		<CBX_INST_ENTRY INSTANCE_NAME="|Processador|MemoriaInstrucoesFinal:inst3|MemoriaInstrucoes:inst|NewMemoryControl:inst2|IsValue1_3bits:inst1|lpm_compare:LPM_COMPARE_component" CBX_FILE_NAME="cmpr_e7j.tdf"/>
		<CBX_INST_ENTRY INSTANCE_NAME="|Processador|ShiftRight2:inst589|lpm_clshift:LPM_CLSHIFT_component" CBX_FILE_NAME="lpm_clshift_vjc.tdf"/>
		<CBX_INST_ENTRY INSTANCE_NAME="|Processador|ForwardingUnit:inst2|ForwardBUnit:inst26|CompareRegisters:inst24|lpm_compare:LPM_COMPARE_component" CBX_FILE_NAME="cmpr_ahg.tdf"/>
		<CBX_INST_ENTRY INSTANCE_NAME="|Processador|MUX32bits_3:inst8|lpm_mux:LPM_MUX_component" CBX_FILE_NAME="mux_boc.tdf"/>
		<CBX_INST_ENTRY INSTANCE_NAME="|Processador|ForwardingUnit:inst2|ForwardBUnit:inst26|RegisterNotZeroComparator:inst17|lpm_compare:LPM_COMPARE_component" CBX_FILE_NAME="cmpr_3qi.tdf"/>
		<CBX_INST_ENTRY INSTANCE_NAME="|Processador|MemoriaInstrucoesFinal:inst3|MemoriaInstrucoes:inst|NewMemoryControl:inst2|IsValue2_3bits:inst2|lpm_compare:LPM_COMPARE_component" CBX_FILE_NAME="cmpr_e7j.tdf"/>
	</PROJECT>
</LOG_ROOT>
